ZL,ZR,ZF,ZM,ZC,类别数目
0.05189162094835721,-0.003245952870198989,-0.22666647165788062,-0.23105176524982585,2.1922396809938953,4181
0.4833284542455338,-0.7993832595691638,2.4832016048074954,2.4247239085022585,0.3086300271376148,5336
-0.3135721066141872,1.6862247206388068,-0.5739735748701525,-0.5368028709265505,-0.17306866714767716,12125
-0.7002290911328456,-0.41487223144766305,-0.16115607991429423,-0.1609753667692115,-0.2550725071866771,24661
1.1606311440820456,-0.37723101276646154,-0.08693537987286296,-0.09485761327704967,-0.15582812374047506,15741
